{"best_parameters": {"learning_rate": 5e-05, "batch_size": 40, "epochs": 16}, "metrics": {"precision": 0.61398651502588, "recall": 0.5848282974153131, "f1": 0.5878378442085274, "accuracy": 0.5864583333333333, "confusion_matrix": [[110, 46, 7, 0, 0, 0], [32, 100, 31, 3, 0, 0], [7, 35, 80, 28, 3, 0], [1, 3, 20, 99, 39, 3], [0, 2, 9, 35, 103, 10], [0, 0, 5, 24, 54, 71]]}}