{"best_parameters": {"learning_rate": 5e-05, "batch_size": 40, "epochs": 16}, "metrics": {"precision": 0.46316713420514527, "recall": 0.4123494490792208, "f1": 0.36469344583604163, "accuracy": 0.4197916666666666, "confusion_matrix": [[159, 6, 1, 0, 0, 0], [104, 36, 16, 0, 0, 2], [58, 53, 49, 5, 0, 1], [17, 15, 49, 59, 1, 12], [4, 7, 28, 68, 3, 42], [3, 8, 22, 35, 0, 97]]}}
