{"best_parameters": {"learning_rate": 5e-05, "batch_size": 40, "epochs": 16}, "metrics": {"precision": 0.5088326436173627, "recall": 0.5033943778334006, "f1": 0.4821957970404176, "accuracy": 0.5062500000000001, "confusion_matrix": [[133, 31, 2, 0, 0, 0], [49, 92, 14, 3, 0, 0], [15, 80, 54, 14, 1, 2], [0, 6, 35, 96, 6, 10], [0, 2, 7, 79, 22, 42], [1, 0, 9, 49, 17, 89]]}}
