{"hyperparameters": {"learning_rate": 0.0001, "hidden_size": 32, "batch_size": 16, "epochs": 32}, "mean_accuracy": 0.5035416666666668, "std_accuracy": 0.00786716982854131}
{"hyperparameters": {"learning_rate": 0.0001, "hidden_size": 32, "batch_size": 16, "epochs": 64}, "mean_accuracy": 0.530625, "std_accuracy": 0.007867169828541335}
{"hyperparameters": {"learning_rate": 0.0001, "hidden_size": 32, "batch_size": 32, "epochs": 32}, "mean_accuracy": 0.490625, "std_accuracy": 0.013159676414461457}
{"hyperparameters": {"learning_rate": 0.0001, "hidden_size": 32, "batch_size": 32, "epochs": 64}, "mean_accuracy": 0.514375, "std_accuracy": 0.008523863560616154}
{"hyperparameters": {"learning_rate": 0.0001, "hidden_size": 32, "batch_size": 64, "epochs": 32}, "mean_accuracy": 0.47145833333333337, "std_accuracy": 0.016674477336469783}
{"hyperparameters": {"learning_rate": 0.0001, "hidden_size": 32, "batch_size": 64, "epochs": 64}, "mean_accuracy": 0.4991666666666667, "std_accuracy": 0.009601432184835763}
{"hyperparameters": {"learning_rate": 0.0001, "hidden_size": 32, "batch_size": 128, "epochs": 32}, "mean_accuracy": 0.4383333333333333, "std_accuracy": 0.007998480758521864}
{"hyperparameters": {"learning_rate": 0.0001, "hidden_size": 32, "batch_size": 128, "epochs": 64}, "mean_accuracy": 0.491875, "std_accuracy": 0.013215626272628095}
{"hyperparameters": {"learning_rate": 0.0001, "hidden_size": 64, "batch_size": 16, "epochs": 32}, "mean_accuracy": 0.5110416666666666, "std_accuracy": 0.010090734198593595}
{"hyperparameters": {"learning_rate": 0.0001, "hidden_size": 64, "batch_size": 16, "epochs": 64}, "mean_accuracy": 0.5385416666666667, "std_accuracy": 0.009524274542218712}
{"hyperparameters": {"learning_rate": 0.0001, "hidden_size": 64, "batch_size": 32, "epochs": 32}, "mean_accuracy": 0.506875, "std_accuracy": 0.007471008782100465}
{"hyperparameters": {"learning_rate": 0.0001, "hidden_size": 64, "batch_size": 32, "epochs": 64}, "mean_accuracy": 0.5220833333333335, "std_accuracy": 0.0036916760722227756}
{"hyperparameters": {"learning_rate": 0.0001, "hidden_size": 64, "batch_size": 64, "epochs": 32}, "mean_accuracy": 0.4958333333333333, "std_accuracy": 0.016443822717225942}
{"hyperparameters": {"learning_rate": 0.0001, "hidden_size": 64, "batch_size": 64, "epochs": 64}, "mean_accuracy": 0.5131249999999999, "std_accuracy": 0.008374896350934092}
{"hyperparameters": {"learning_rate": 0.0001, "hidden_size": 64, "batch_size": 128, "epochs": 32}, "mean_accuracy": 0.458125, "std_accuracy": 0.009691419458010848}
{"hyperparameters": {"learning_rate": 0.0001, "hidden_size": 64, "batch_size": 128, "epochs": 64}, "mean_accuracy": 0.5022916666666666, "std_accuracy": 0.008675276172357095}
{"hyperparameters": {"learning_rate": 5e-05, "hidden_size": 32, "batch_size": 16, "epochs": 32}, "mean_accuracy": 0.4725, "std_accuracy": 0.01318603533203889}
{"hyperparameters": {"learning_rate": 5e-05, "hidden_size": 32, "batch_size": 16, "epochs": 64}, "mean_accuracy": 0.5083333333333333, "std_accuracy": 0.005432668671002188}
{"hyperparameters": {"learning_rate": 5e-05, "hidden_size": 32, "batch_size": 32, "epochs": 32}, "mean_accuracy": 0.4616666666666667, "std_accuracy": 0.008921922127234933}
{"hyperparameters": {"learning_rate": 5e-05, "hidden_size": 32, "batch_size": 32, "epochs": 64}, "mean_accuracy": 0.49437499999999995, "std_accuracy": 0.00865524086576707}
{"hyperparameters": {"learning_rate": 5e-05, "hidden_size": 32, "batch_size": 64, "epochs": 32}, "mean_accuracy": 0.4177083333333334, "std_accuracy": 0.002795084971874727}
{"hyperparameters": {"learning_rate": 5e-05, "hidden_size": 32, "batch_size": 64, "epochs": 64}, "mean_accuracy": 0.47437500000000005, "std_accuracy": 0.012318121249245398}
{"hyperparameters": {"learning_rate": 5e-05, "hidden_size": 32, "batch_size": 128, "epochs": 32}, "mean_accuracy": 0.37104166666666666, "std_accuracy": 0.011792476415070757}
{"hyperparameters": {"learning_rate": 5e-05, "hidden_size": 32, "batch_size": 128, "epochs": 64}, "mean_accuracy": 0.43395833333333333, "std_accuracy": 0.009023503261544871}
{"hyperparameters": {"learning_rate": 5e-05, "hidden_size": 64, "batch_size": 16, "epochs": 32}, "mean_accuracy": 0.4954166666666667, "std_accuracy": 0.015002893239490712}
{"hyperparameters": {"learning_rate": 5e-05, "hidden_size": 64, "batch_size": 16, "epochs": 64}, "mean_accuracy": 0.5143749999999999, "std_accuracy": 0.0072886898685566}
{"hyperparameters": {"learning_rate": 5e-05, "hidden_size": 64, "batch_size": 32, "epochs": 32}, "mean_accuracy": 0.473125, "std_accuracy": 0.0086752761723571}
{"hyperparameters": {"learning_rate": 5e-05, "hidden_size": 64, "batch_size": 32, "epochs": 64}, "mean_accuracy": 0.5018750000000001, "std_accuracy": 0.011284668803292383}
{"hyperparameters": {"learning_rate": 5e-05, "hidden_size": 64, "batch_size": 64, "epochs": 32}, "mean_accuracy": 0.4447916666666667, "std_accuracy": 0.012129938856674696}
{"hyperparameters": {"learning_rate": 5e-05, "hidden_size": 64, "batch_size": 64, "epochs": 64}, "mean_accuracy": 0.4916666666666667, "std_accuracy": 0.015066403943137116}
{"hyperparameters": {"learning_rate": 5e-05, "hidden_size": 64, "batch_size": 128, "epochs": 32}, "mean_accuracy": 0.4097916666666667, "std_accuracy": 0.008452276156291991}
{"hyperparameters": {"learning_rate": 5e-05, "hidden_size": 64, "batch_size": 128, "epochs": 64}, "mean_accuracy": 0.4654166666666667, "std_accuracy": 0.01054915741764346}