{"hyperparameters": {"learning_rate": 0.0001, "hidden_size": 32, "batch_size": 16, "epochs": 32}, "mean_accuracy": 0.28854166666666664, "std_accuracy": 0.013850641782162224}
{"hyperparameters": {"learning_rate": 0.0001, "hidden_size": 32, "batch_size": 16, "epochs": 32}, "mean_accuracy": 0.4789583333333334, "std_accuracy": 0.01206536019630856}
{"hyperparameters": {"learning_rate": 0.0001, "hidden_size": 32, "batch_size": 16, "epochs": 64}, "mean_accuracy": 0.4852083333333333, "std_accuracy": 0.01606194605616366}
{"hyperparameters": {"learning_rate": 0.0001, "hidden_size": 32, "batch_size": 32, "epochs": 32}, "mean_accuracy": 0.47958333333333336, "std_accuracy": 0.00940042847723207}
{"hyperparameters": {"learning_rate": 0.0001, "hidden_size": 32, "batch_size": 32, "epochs": 64}, "mean_accuracy": 0.47875000000000006, "std_accuracy": 0.01630599327445793}
{"hyperparameters": {"learning_rate": 0.0001, "hidden_size": 32, "batch_size": 64, "epochs": 32}, "mean_accuracy": 0.478125, "std_accuracy": 0.010964747805783976}
