{"hyperparameters": {"learning_rate": 0.0001, "hidden_size": 32, "batch_size": 16, "epochs": 32}, "mean_accuracy": 0.4789583333333334, "std_accuracy": 0.01206536019630856}
{"hyperparameters": {"learning_rate": 0.0001, "hidden_size": 32, "batch_size": 16, "epochs": 64}, "mean_accuracy": 0.4852083333333333, "std_accuracy": 0.01606194605616366}
{"hyperparameters": {"learning_rate": 0.0001, "hidden_size": 32, "batch_size": 32, "epochs": 32}, "mean_accuracy": 0.47958333333333336, "std_accuracy": 0.00940042847723207}
{"hyperparameters": {"learning_rate": 0.0001, "hidden_size": 32, "batch_size": 32, "epochs": 64}, "mean_accuracy": 0.47875000000000006, "std_accuracy": 0.01630599327445793}
{"hyperparameters": {"learning_rate": 0.0001, "hidden_size": 32, "batch_size": 64, "epochs": 32}, "mean_accuracy": 0.478125, "std_accuracy": 0.010964747805783976}
{"hyperparameters": {"learning_rate": 0.0001, "hidden_size": 32, "batch_size": 64, "epochs": 64}, "mean_accuracy": 0.47833333333333333, "std_accuracy": 0.014120636002358793}
{"hyperparameters": {"learning_rate": 0.0001, "hidden_size": 32, "batch_size": 128, "epochs": 32}, "mean_accuracy": 0.4710416666666667, "std_accuracy": 0.00962400788537592}
{"hyperparameters": {"learning_rate": 0.0001, "hidden_size": 32, "batch_size": 128, "epochs": 64}, "mean_accuracy": 0.478125, "std_accuracy": 0.008863353077576097}
{"hyperparameters": {"learning_rate": 0.0001, "hidden_size": 64, "batch_size": 16, "epochs": 32}, "mean_accuracy": 0.4872916666666667, "std_accuracy": 0.017497519665496727}
{"hyperparameters": {"learning_rate": 0.0001, "hidden_size": 64, "batch_size": 16, "epochs": 64}, "mean_accuracy": 0.47145833333333326, "std_accuracy": 0.013349599453000663}
{"hyperparameters": {"learning_rate": 0.0001, "hidden_size": 64, "batch_size": 32, "epochs": 32}, "mean_accuracy": 0.48083333333333333, "std_accuracy": 0.013639072752777433}
{"hyperparameters": {"learning_rate": 0.0001, "hidden_size": 64, "batch_size": 32, "epochs": 64}, "mean_accuracy": 0.48083333333333333, "std_accuracy": 0.011230693309952971}
{"hyperparameters": {"learning_rate": 0.0001, "hidden_size": 64, "batch_size": 64, "epochs": 32}, "mean_accuracy": 0.4814583333333333, "std_accuracy": 0.012349791946065771}
{"hyperparameters": {"learning_rate": 0.0001, "hidden_size": 64, "batch_size": 64, "epochs": 64}, "mean_accuracy": 0.47854166666666664, "std_accuracy": 0.014799000529315038}
{"hyperparameters": {"learning_rate": 0.0001, "hidden_size": 64, "batch_size": 128, "epochs": 32}, "mean_accuracy": 0.47874999999999995, "std_accuracy": 0.008902441924675618}
{"hyperparameters": {"learning_rate": 0.0001, "hidden_size": 64, "batch_size": 128, "epochs": 64}, "mean_accuracy": 0.4852083333333333, "std_accuracy": 0.015100933562016767}
{"hyperparameters": {"learning_rate": 5e-05, "hidden_size": 32, "batch_size": 16, "epochs": 32}, "mean_accuracy": 0.48187499999999994, "std_accuracy": 0.012194175522218253}
{"hyperparameters": {"learning_rate": 5e-05, "hidden_size": 32, "batch_size": 16, "epochs": 64}, "mean_accuracy": 0.4866666666666667, "std_accuracy": 0.011475366128267012}
{"hyperparameters": {"learning_rate": 5e-05, "hidden_size": 32, "batch_size": 32, "epochs": 32}, "mean_accuracy": 0.4758333333333333, "std_accuracy": 0.008824091076894731}
{"hyperparameters": {"learning_rate": 5e-05, "hidden_size": 32, "batch_size": 32, "epochs": 64}, "mean_accuracy": 0.47791666666666666, "std_accuracy": 0.010424996669330673}
{"hyperparameters": {"learning_rate": 5e-05, "hidden_size": 32, "batch_size": 64, "epochs": 32}, "mean_accuracy": 0.4683333333333334, "std_accuracy": 0.007264831572567783}
{"hyperparameters": {"learning_rate": 5e-05, "hidden_size": 32, "batch_size": 64, "epochs": 64}, "mean_accuracy": 0.4791666666666667, "std_accuracy": 0.00687815584134132}
{"hyperparameters": {"learning_rate": 5e-05, "hidden_size": 32, "batch_size": 128, "epochs": 32}, "mean_accuracy": 0.4654166666666667, "std_accuracy": 0.006666666666666666}
{"hyperparameters": {"learning_rate": 5e-05, "hidden_size": 32, "batch_size": 128, "epochs": 64}, "mean_accuracy": 0.47479166666666667, "std_accuracy": 0.011361331837029982}
{"hyperparameters": {"learning_rate": 5e-05, "hidden_size": 64, "batch_size": 16, "epochs": 32}, "mean_accuracy": 0.48250000000000004, "std_accuracy": 0.014883809249576465}
{"hyperparameters": {"learning_rate": 5e-05, "hidden_size": 64, "batch_size": 16, "epochs": 64}, "mean_accuracy": 0.48583333333333334, "std_accuracy": 0.015275252316519454}
{"hyperparameters": {"learning_rate": 5e-05, "hidden_size": 64, "batch_size": 32, "epochs": 32}, "mean_accuracy": 0.47625, "std_accuracy": 0.008625100643535201}
{"hyperparameters": {"learning_rate": 5e-05, "hidden_size": 64, "batch_size": 32, "epochs": 64}, "mean_accuracy": 0.4839583333333334, "std_accuracy": 0.012510412330002028}
{"hyperparameters": {"learning_rate": 5e-05, "hidden_size": 64, "batch_size": 64, "epochs": 32}, "mean_accuracy": 0.475, "std_accuracy": 0.00742438736716894}
{"hyperparameters": {"learning_rate": 5e-05, "hidden_size": 64, "batch_size": 64, "epochs": 64}, "mean_accuracy": 0.47833333333333333, "std_accuracy": 0.006890764753558843}
{"hyperparameters": {"learning_rate": 5e-05, "hidden_size": 64, "batch_size": 128, "epochs": 32}, "mean_accuracy": 0.46749999999999997, "std_accuracy": 0.008186201126828553}
{"hyperparameters": {"learning_rate": 5e-05, "hidden_size": 64, "batch_size": 128, "epochs": 64}, "mean_accuracy": 0.4716666666666667, "std_accuracy": 0.007347996703561825}
