{"hyperparameters": {"learning_rate": 0.0001, "hidden_size": 32, "batch_size": 16, "epochs": 32}, "mean_accuracy": 0.4964583333333333, "std_accuracy": 0.007083333333333335}
{"hyperparameters": {"learning_rate": 0.0001, "hidden_size": 32, "batch_size": 16, "epochs": 64}, "mean_accuracy": 0.51875, "std_accuracy": 0.007424387367168931}
{"hyperparameters": {"learning_rate": 0.0001, "hidden_size": 32, "batch_size": 32, "epochs": 32}, "mean_accuracy": 0.47979166666666667, "std_accuracy": 0.005728219618694801}
{"hyperparameters": {"learning_rate": 0.0001, "hidden_size": 32, "batch_size": 32, "epochs": 64}, "mean_accuracy": 0.5106249999999999, "std_accuracy": 0.00731840336260428}
{"hyperparameters": {"learning_rate": 0.0001, "hidden_size": 32, "batch_size": 64, "epochs": 32}, "mean_accuracy": 0.45166666666666666, "std_accuracy": 0.010047629626489576}
{"hyperparameters": {"learning_rate": 0.0001, "hidden_size": 32, "batch_size": 64, "epochs": 64}, "mean_accuracy": 0.4929166666666667, "std_accuracy": 0.00821266806017793}
{"hyperparameters": {"learning_rate": 0.0001, "hidden_size": 32, "batch_size": 128, "epochs": 32}, "mean_accuracy": 0.40708333333333335, "std_accuracy": 0.00572063759072749}
{"hyperparameters": {"learning_rate": 0.0001, "hidden_size": 32, "batch_size": 128, "epochs": 64}, "mean_accuracy": 0.4689583333333333, "std_accuracy": 0.00911443452259473}
{"hyperparameters": {"learning_rate": 0.0001, "hidden_size": 64, "batch_size": 16, "epochs": 32}, "mean_accuracy": 0.5052083333333333, "std_accuracy": 0.009455671431591857}
{"hyperparameters": {"learning_rate": 0.0001, "hidden_size": 64, "batch_size": 16, "epochs": 64}, "mean_accuracy": 0.5235416666666667, "std_accuracy": 0.008400768814023336}
{"hyperparameters": {"learning_rate": 0.0001, "hidden_size": 64, "batch_size": 32, "epochs": 32}, "mean_accuracy": 0.4875, "std_accuracy": 0.014418713727498545}
{"hyperparameters": {"learning_rate": 0.0001, "hidden_size": 64, "batch_size": 32, "epochs": 64}, "mean_accuracy": 0.5179166666666667, "std_accuracy": 0.013651795771171543}
{"hyperparameters": {"learning_rate": 0.0001, "hidden_size": 64, "batch_size": 64, "epochs": 32}, "mean_accuracy": 0.48187500000000005, "std_accuracy": 0.012545057681103845}
{"hyperparameters": {"learning_rate": 0.0001, "hidden_size": 64, "batch_size": 64, "epochs": 64}, "mean_accuracy": 0.5108333333333334, "std_accuracy": 0.013020416659999774}
{"hyperparameters": {"learning_rate": 0.0001, "hidden_size": 64, "batch_size": 128, "epochs": 32}, "mean_accuracy": 0.4489583333333333, "std_accuracy": 0.005855612217731323}
{"hyperparameters": {"learning_rate": 0.0001, "hidden_size": 64, "batch_size": 128, "epochs": 64}, "mean_accuracy": 0.48625000000000007, "std_accuracy": 0.0129502252232667}
{"hyperparameters": {"learning_rate": 5e-05, "hidden_size": 32, "batch_size": 16, "epochs": 32}, "mean_accuracy": 0.45916666666666667, "std_accuracy": 0.013524026972597908}
{"hyperparameters": {"learning_rate": 5e-05, "hidden_size": 32, "batch_size": 16, "epochs": 64}, "mean_accuracy": 0.4929166666666666, "std_accuracy": 0.004903584289974929}
{"hyperparameters": {"learning_rate": 5e-05, "hidden_size": 32, "batch_size": 32, "epochs": 32}, "mean_accuracy": 0.4291666666666667, "std_accuracy": 0.005145453764678531}
{"hyperparameters": {"learning_rate": 5e-05, "hidden_size": 32, "batch_size": 32, "epochs": 64}, "mean_accuracy": 0.47625, "std_accuracy": 0.006366961162473388}
{"hyperparameters": {"learning_rate": 5e-05, "hidden_size": 32, "batch_size": 64, "epochs": 32}, "mean_accuracy": 0.39916666666666667, "std_accuracy": 0.005162296538901619}
{"hyperparameters": {"learning_rate": 5e-05, "hidden_size": 32, "batch_size": 64, "epochs": 64}, "mean_accuracy": 0.4541666666666667, "std_accuracy": 0.004885849749816055}
{"hyperparameters": {"learning_rate": 5e-05, "hidden_size": 32, "batch_size": 128, "epochs": 32}, "mean_accuracy": 0.3597916666666666, "std_accuracy": 0.020640776794168064}
{"hyperparameters": {"learning_rate": 5e-05, "hidden_size": 32, "batch_size": 128, "epochs": 64}, "mean_accuracy": 0.42000000000000004, "std_accuracy": 0.005408647910727988}
{"hyperparameters": {"learning_rate": 5e-05, "hidden_size": 64, "batch_size": 16, "epochs": 32}, "mean_accuracy": 0.4764583333333333, "std_accuracy": 0.014547575208413413}
{"hyperparameters": {"learning_rate": 5e-05, "hidden_size": 64, "batch_size": 16, "epochs": 64}, "mean_accuracy": 0.5066666666666666, "std_accuracy": 0.011887785514739235}
{"hyperparameters": {"learning_rate": 5e-05, "hidden_size": 64, "batch_size": 32, "epochs": 32}, "mean_accuracy": 0.4452083333333333, "std_accuracy": 0.00708333333333333}
{"hyperparameters": {"learning_rate": 5e-05, "hidden_size": 64, "batch_size": 32, "epochs": 64}, "mean_accuracy": 0.4929166666666667, "std_accuracy": 0.010107924558923504}
{"hyperparameters": {"learning_rate": 5e-05, "hidden_size": 64, "batch_size": 64, "epochs": 32}, "mean_accuracy": 0.41708333333333336, "std_accuracy": 0.011573287010275973}
{"hyperparameters": {"learning_rate": 5e-05, "hidden_size": 64, "batch_size": 64, "epochs": 64}, "mean_accuracy": 0.47520833333333334, "std_accuracy": 0.006953466361782761}
{"hyperparameters": {"learning_rate": 5e-05, "hidden_size": 64, "batch_size": 128, "epochs": 32}, "mean_accuracy": 0.3854166666666667, "std_accuracy": 0.016284685204885664}
{"hyperparameters": {"learning_rate": 5e-05, "hidden_size": 64, "batch_size": 128, "epochs": 64}, "mean_accuracy": 0.44104166666666667, "std_accuracy": 0.0051706973524961895}
