{"hyperparameters": {"learning_rate": 0.0001, "hidden_size": 32, "batch_size": 16, "epochs": 32}, "mean_accuracy": 0.5006250000000001, "std_accuracy": 0.009740558106300803}
{"hyperparameters": {"learning_rate": 0.0001, "hidden_size": 32, "batch_size": 16, "epochs": 64}, "mean_accuracy": 0.5227083333333333, "std_accuracy": 0.006795627679291692}
{"hyperparameters": {"learning_rate": 0.0001, "hidden_size": 32, "batch_size": 32, "epochs": 32}, "mean_accuracy": 0.4897916666666666, "std_accuracy": 0.015706730687475648}
{"hyperparameters": {"learning_rate": 0.0001, "hidden_size": 32, "batch_size": 32, "epochs": 64}, "mean_accuracy": 0.5139583333333333, "std_accuracy": 0.014412692130356633}
{"hyperparameters": {"learning_rate": 0.0001, "hidden_size": 32, "batch_size": 64, "epochs": 32}, "mean_accuracy": 0.48687499999999995, "std_accuracy": 0.013053708498183785}
{"hyperparameters": {"learning_rate": 0.0001, "hidden_size": 32, "batch_size": 64, "epochs": 64}, "mean_accuracy": 0.5020833333333334, "std_accuracy": 0.014418713727498575}
{"hyperparameters": {"learning_rate": 0.0001, "hidden_size": 32, "batch_size": 128, "epochs": 32}, "mean_accuracy": 0.44625000000000004, "std_accuracy": 0.015709493767924045}
{"hyperparameters": {"learning_rate": 0.0001, "hidden_size": 32, "batch_size": 128, "epochs": 64}, "mean_accuracy": 0.4922916666666667, "std_accuracy": 0.013495112283918066}
{"hyperparameters": {"learning_rate": 0.0001, "hidden_size": 64, "batch_size": 16, "epochs": 32}, "mean_accuracy": 0.50375, "std_accuracy": 0.007174656399051082}
{"hyperparameters": {"learning_rate": 0.0001, "hidden_size": 64, "batch_size": 16, "epochs": 64}, "mean_accuracy": 0.5320833333333334, "std_accuracy": 0.007916666666666685}
{"hyperparameters": {"learning_rate": 0.0001, "hidden_size": 64, "batch_size": 32, "epochs": 32}, "mean_accuracy": 0.5045833333333334, "std_accuracy": 0.010837339003033295}
{"hyperparameters": {"learning_rate": 0.0001, "hidden_size": 64, "batch_size": 32, "epochs": 64}, "mean_accuracy": 0.52, "std_accuracy": 0.009978275012356734}
{"hyperparameters": {"learning_rate": 0.0001, "hidden_size": 64, "batch_size": 64, "epochs": 32}, "mean_accuracy": 0.4914583333333334, "std_accuracy": 0.009624007885375933}
{"hyperparameters": {"learning_rate": 0.0001, "hidden_size": 64, "batch_size": 64, "epochs": 64}, "mean_accuracy": 0.5108333333333334, "std_accuracy": 0.004249182927993973}
{"hyperparameters": {"learning_rate": 0.0001, "hidden_size": 64, "batch_size": 128, "epochs": 32}, "mean_accuracy": 0.4756250000000001, "std_accuracy": 0.0075863089400138}
{"hyperparameters": {"learning_rate": 0.0001, "hidden_size": 64, "batch_size": 128, "epochs": 64}, "mean_accuracy": 0.4991666666666667, "std_accuracy": 0.008921922127234944}
{"hyperparameters": {"learning_rate": 5e-05, "hidden_size": 32, "batch_size": 16, "epochs": 32}, "mean_accuracy": 0.48624999999999996, "std_accuracy": 0.014484786079807258}
{"hyperparameters": {"learning_rate": 5e-05, "hidden_size": 32, "batch_size": 16, "epochs": 64}, "mean_accuracy": 0.5022916666666667, "std_accuracy": 0.01365179577117158}
{"hyperparameters": {"learning_rate": 5e-05, "hidden_size": 32, "batch_size": 32, "epochs": 32}, "mean_accuracy": 0.45770833333333333, "std_accuracy": 0.007083333333333326}
{"hyperparameters": {"learning_rate": 5e-05, "hidden_size": 32, "batch_size": 32, "epochs": 64}, "mean_accuracy": 0.4895833333333333, "std_accuracy": 0.004885849749816077}
{"hyperparameters": {"learning_rate": 5e-05, "hidden_size": 32, "batch_size": 64, "epochs": 32}, "mean_accuracy": 0.42625, "std_accuracy": 0.017792691227330154}
{"hyperparameters": {"learning_rate": 5e-05, "hidden_size": 32, "batch_size": 64, "epochs": 64}, "mean_accuracy": 0.4814583333333333, "std_accuracy": 0.013966104801745321}
{"hyperparameters": {"learning_rate": 5e-05, "hidden_size": 32, "batch_size": 128, "epochs": 32}, "mean_accuracy": 0.3858333333333333, "std_accuracy": 0.013543269135954165}
{"hyperparameters": {"learning_rate": 5e-05, "hidden_size": 32, "batch_size": 128, "epochs": 64}, "mean_accuracy": 0.4529166666666667, "std_accuracy": 0.023398346926415327}
{"hyperparameters": {"learning_rate": 5e-05, "hidden_size": 64, "batch_size": 16, "epochs": 32}, "mean_accuracy": 0.48916666666666664, "std_accuracy": 0.007264831572567785}
{"hyperparameters": {"learning_rate": 5e-05, "hidden_size": 64, "batch_size": 16, "epochs": 64}, "mean_accuracy": 0.5139583333333333, "std_accuracy": 0.011269273613582076}
{"hyperparameters": {"learning_rate": 5e-05, "hidden_size": 64, "batch_size": 32, "epochs": 32}, "mean_accuracy": 0.48187499999999994, "std_accuracy": 0.008030973028081822}
{"hyperparameters": {"learning_rate": 5e-05, "hidden_size": 64, "batch_size": 32, "epochs": 64}, "mean_accuracy": 0.503125, "std_accuracy": 0.009199750902424824}
{"hyperparameters": {"learning_rate": 5e-05, "hidden_size": 64, "batch_size": 64, "epochs": 32}, "mean_accuracy": 0.45875000000000005, "std_accuracy": 0.007699882755240131}
{"hyperparameters": {"learning_rate": 5e-05, "hidden_size": 64, "batch_size": 64, "epochs": 64}, "mean_accuracy": 0.49333333333333335, "std_accuracy": 0.010324593077803233}
{"hyperparameters": {"learning_rate": 5e-05, "hidden_size": 64, "batch_size": 128, "epochs": 32}, "mean_accuracy": 0.42312500000000003, "std_accuracy": 0.01836881037096428}
{"hyperparameters": {"learning_rate": 5e-05, "hidden_size": 64, "batch_size": 128, "epochs": 64}, "mean_accuracy": 0.4708333333333333, "std_accuracy": 0.008411095515910981}
