{"hyperparameters": {"learning_rate": 0.0001, "hidden_size": 32, "batch_size": 16, "epochs": 32}, "mean_accuracy": 0.4560416666666667, "std_accuracy": 0.015014460622272713}
{"hyperparameters": {"learning_rate": 0.0001, "hidden_size": 32, "batch_size": 16, "epochs": 64}, "mean_accuracy": 0.44104166666666667, "std_accuracy": 0.01778293111072776}
{"hyperparameters": {"learning_rate": 0.0001, "hidden_size": 32, "batch_size": 32, "epochs": 32}, "mean_accuracy": 0.45583333333333337, "std_accuracy": 0.010635207515083516}
{"hyperparameters": {"learning_rate": 0.0001, "hidden_size": 32, "batch_size": 32, "epochs": 64}, "mean_accuracy": 0.43875000000000003, "std_accuracy": 0.012730513431210157}
{"hyperparameters": {"learning_rate": 0.0001, "hidden_size": 32, "batch_size": 64, "epochs": 32}, "mean_accuracy": 0.45062499999999994, "std_accuracy": 0.008296794896558286}
{"hyperparameters": {"learning_rate": 0.0001, "hidden_size": 32, "batch_size": 64, "epochs": 64}, "mean_accuracy": 0.44395833333333334, "std_accuracy": 0.004389855730355317}
{"hyperparameters": {"learning_rate": 0.0001, "hidden_size": 32, "batch_size": 128, "epochs": 32}, "mean_accuracy": 0.4529166666666667, "std_accuracy": 0.013619965940567634}
{"hyperparameters": {"learning_rate": 0.0001, "hidden_size": 32, "batch_size": 128, "epochs": 64}, "mean_accuracy": 0.45458333333333334, "std_accuracy": 0.009330914865232786}
{"hyperparameters": {"learning_rate": 0.0001, "hidden_size": 64, "batch_size": 16, "epochs": 32}, "mean_accuracy": 0.453125, "std_accuracy": 0.011410886614690969}
{"hyperparameters": {"learning_rate": 0.0001, "hidden_size": 64, "batch_size": 16, "epochs": 64}, "mean_accuracy": 0.43604166666666677, "std_accuracy": 0.01217636599683537}
{"hyperparameters": {"learning_rate": 0.0001, "hidden_size": 64, "batch_size": 32, "epochs": 32}, "mean_accuracy": 0.4635416666666667, "std_accuracy": 0.016311315942552813}
{"hyperparameters": {"learning_rate": 0.0001, "hidden_size": 64, "batch_size": 32, "epochs": 64}, "mean_accuracy": 0.43999999999999995, "std_accuracy": 0.0136549746734783}
{"hyperparameters": {"learning_rate": 0.0001, "hidden_size": 64, "batch_size": 64, "epochs": 32}, "mean_accuracy": 0.45229166666666665, "std_accuracy": 0.01215496012151236}
{"hyperparameters": {"learning_rate": 0.0001, "hidden_size": 64, "batch_size": 64, "epochs": 64}, "mean_accuracy": 0.4491666666666667, "std_accuracy": 0.013149778198382912}
{"hyperparameters": {"learning_rate": 0.0001, "hidden_size": 64, "batch_size": 128, "epochs": 32}, "mean_accuracy": 0.45666666666666667, "std_accuracy": 0.005456583689045333}
{"hyperparameters": {"learning_rate": 0.0001, "hidden_size": 64, "batch_size": 128, "epochs": 64}, "mean_accuracy": 0.45458333333333334, "std_accuracy": 0.012229716767865977}
{"hyperparameters": {"learning_rate": 5e-05, "hidden_size": 32, "batch_size": 16, "epochs": 32}, "mean_accuracy": 0.45666666666666667, "std_accuracy": 0.015261038809843698}
{"hyperparameters": {"learning_rate": 5e-05, "hidden_size": 32, "batch_size": 16, "epochs": 64}, "mean_accuracy": 0.4520833333333333, "std_accuracy": 0.012076147288491195}
{"hyperparameters": {"learning_rate": 5e-05, "hidden_size": 32, "batch_size": 32, "epochs": 32}, "mean_accuracy": 0.44958333333333333, "std_accuracy": 0.010877314568505509}
{"hyperparameters": {"learning_rate": 5e-05, "hidden_size": 32, "batch_size": 32, "epochs": 64}, "mean_accuracy": 0.45583333333333326, "std_accuracy": 0.010491398593345126}
{"hyperparameters": {"learning_rate": 5e-05, "hidden_size": 32, "batch_size": 64, "epochs": 32}, "mean_accuracy": 0.4522916666666667, "std_accuracy": 0.008498365855987977}
{"hyperparameters": {"learning_rate": 5e-05, "hidden_size": 32, "batch_size": 64, "epochs": 64}, "mean_accuracy": 0.4529166666666667, "std_accuracy": 0.011437481026092343}
{"hyperparameters": {"learning_rate": 5e-05, "hidden_size": 32, "batch_size": 128, "epochs": 32}, "mean_accuracy": 0.43875000000000003, "std_accuracy": 0.009824855102126329}
{"hyperparameters": {"learning_rate": 5e-05, "hidden_size": 32, "batch_size": 128, "epochs": 64}, "mean_accuracy": 0.45437500000000003, "std_accuracy": 0.010320388397084032}
{"hyperparameters": {"learning_rate": 5e-05, "hidden_size": 64, "batch_size": 16, "epochs": 32}, "mean_accuracy": 0.45770833333333333, "std_accuracy": 0.012545057681103824}
{"hyperparameters": {"learning_rate": 5e-05, "hidden_size": 64, "batch_size": 16, "epochs": 64}, "mean_accuracy": 0.4560416666666667, "std_accuracy": 0.018380620833427314}
{"hyperparameters": {"learning_rate": 5e-05, "hidden_size": 64, "batch_size": 32, "epochs": 32}, "mean_accuracy": 0.45499999999999996, "std_accuracy": 0.00923271658590015}
{"hyperparameters": {"learning_rate": 5e-05, "hidden_size": 64, "batch_size": 32, "epochs": 64}, "mean_accuracy": 0.45437500000000003, "std_accuracy": 0.014409680388158815}
{"hyperparameters": {"learning_rate": 5e-05, "hidden_size": 64, "batch_size": 64, "epochs": 32}, "mean_accuracy": 0.4541666666666667, "std_accuracy": 0.004370036867375637}
{"hyperparameters": {"learning_rate": 5e-05, "hidden_size": 64, "batch_size": 64, "epochs": 64}, "mean_accuracy": 0.4608333333333333, "std_accuracy": 0.01475494267468816}
{"hyperparameters": {"learning_rate": 5e-05, "hidden_size": 64, "batch_size": 128, "epochs": 32}, "mean_accuracy": 0.45041666666666663, "std_accuracy": 0.009560661587986475}
{"hyperparameters": {"learning_rate": 5e-05, "hidden_size": 64, "batch_size": 128, "epochs": 64}, "mean_accuracy": 0.4497916666666667, "std_accuracy": 0.006827487336739135}
