{"best_parameters" : {"learning_rate": 5e-5,"batch_size": 40,"epochs": 20}, "metrics" : {"accuracy": 0.565625, "precision": 0.6004856523171476,"recall": 0.565625,"f1": 0.5604499181640542,"confusion_matrix": [[131,  30,   5,   0,   0,   0], [ 32,  88,  36,   2,   0,   0],[ 18,  44,  84,  19,   0,   1],[  2 ,  7 , 22, 101,  19 ,  2],[  0,   1 ,  2 , 58,  84 ,  7],[  0 ,  0,   4 , 33 , 73 , 55]]}}