{
    "best_parameters": {
        "learning_rate": 5e-5,
        "batch_size": 40,
        "epochs": 16
    },
    "metrics": {
        "accuracy": 0.575,
        "precision": 0.5839194713962182,
        "recall": 0.575,
        "f1": 0.5741564743067652,
        "confusion_matrix": [
            [125, 30, 11, 0, 0, 0],
            [38, 78, 37, 3, 1, 1],
            [22, 33, 85, 21, 3, 2],
            [4, 3, 14, 97, 25, 10],
            [0, 1, 5, 44, 81, 21],
            [1, 0, 4, 39, 35, 86]
        ]
    }
}
