{
    "best_parameters": {
        "learning_rate": 0.0001,
        "hidden_size": 64,
        "batch_size": 32,
        "epochs": 64
    },
    "metrics": {
        "accuracy": 0.525,
        "precision": 0.5155515219330067,
        "recall": 0.525,
        "f1": 0.5161522438656871,
        "confusion_matrix": [
            [129, 29, 7, 1, 0, 0],
            [40, 76, 37, 3, 0, 2],
            [19, 56, 61, 17, 4, 9],
            [3, 4, 19, 76, 31, 20],
            [0, 0, 3, 36, 51, 62],
            [1, 1, 7, 19, 26, 111]
        ]
    }
}
